{"cameraMode":{"drawMode":0,"name":"Shaded","section":"Shading Mode"},"sceneLighting":true,"audioPlay":false,"sceneViewState":{"m_AlwaysRefresh":false,"showFog":true,"showSkybox":false,"showFlares":true,"showImageEffects":true,"showParticleSystems":true,"showVisualEffectGraphs":true,"m_FxEnabled":true},"in2DMode":false,"pivot":{"x":-51.19423294067383,"y":-45.91919708251953,"z":393.5483093261719},"rotation":{"x":0.06667489558458328,"y":-0.051369715481996539,"z":0.0034305930603295566,"w":0.9964820146560669},"size":253.17039489746095,"orthographic":false}