{"cameraMode":{"drawMode":0,"name":"Shaded","section":"Shading Mode"},"sceneLighting":false,"audioPlay":false,"sceneViewState":{"showFog":true,"showMaterialUpdate":false,"showSkybox":true,"showFlares":true,"showImageEffects":true,"showParticleSystems":true},"in2DMode":false,"pivot":{"x":-10.603504180908204,"y":20.949209213256837,"z":30.64043426513672},"rotation":{"x":-0.047378189861774448,"y":-0.950640082359314,"z":0.2460934817790985,"w":-0.18303368985652924},"size":84.55240631103516,"orthographic":false}