{"cameraMode":{"drawMode":0,"name":"Shaded","section":"Shading Mode"},"sceneLighting":false,"audioPlay":false,"sceneViewState":{"showFog":true,"showMaterialUpdate":false,"showSkybox":true,"showFlares":true,"showImageEffects":true,"showParticleSystems":true},"in2DMode":false,"pivot":{"x":-13.430282592773438,"y":-0.0025041045155376198,"z":0.9204180240631104},"rotation":{"x":0.32104915380477908,"y":-0.12453043460845947,"z":0.04262523725628853,"w":0.9378831386566162},"size":41.945457458496097,"orthographic":false}