{"cameraMode":{"drawMode":0,"name":"Shaded","section":"Shading Mode"},"sceneLighting":false,"audioPlay":false,"sceneViewState":{"showFog":true,"showMaterialUpdate":false,"showSkybox":true,"showFlares":true,"showImageEffects":true,"showParticleSystems":true},"in2DMode":false,"pivot":{"x":22.86372184753418,"y":22.354028701782228,"z":8.823160171508789},"rotation":{"x":0.005804453045129776,"y":-0.04349568486213684,"z":0.00023279992456082255,"w":0.9990991353988648},"size":89.15111541748047,"orthographic":false}