{"cameraMode":{"drawMode":0,"name":"Shaded","section":"Shading Mode"},"sceneLighting":false,"audioPlay":false,"sceneViewState":{"showFog":true,"showMaterialUpdate":false,"showSkybox":true,"showFlares":true,"showImageEffects":true,"showParticleSystems":true},"in2DMode":false,"pivot":{"x":-59.63298797607422,"y":9.26479721069336,"z":188.54464721679688},"rotation":{"x":0.19203943014144898,"y":0.026488587260246278,"z":-0.005188822280615568,"w":0.9810256958007813},"size":177.71047973632813,"orthographic":false}