{"cameraMode":{"drawMode":0,"name":"Shaded","section":"Shading Mode"},"sceneLighting":false,"audioPlay":false,"sceneViewState":{"showFog":true,"showMaterialUpdate":false,"showSkybox":true,"showFlares":true,"showImageEffects":true,"showParticleSystems":true},"in2DMode":false,"pivot":{"x":-499.3656921386719,"y":-608.3253173828125,"z":40.686424255371097},"rotation":{"x":0.3150631785392761,"y":-0.6136589050292969,"z":0.2917654812335968,"w":0.6626874804496765},"size":802.8585815429688,"orthographic":false}