{"cameraMode":{"drawMode":0,"name":"Shaded","section":"Shading Mode"},"sceneLighting":false,"audioPlay":false,"sceneViewState":{"showFog":true,"showMaterialUpdate":false,"showSkybox":true,"showFlares":true,"showImageEffects":true,"showParticleSystems":true},"in2DMode":false,"pivot":{"x":-77.7176742553711,"y":-30.229244232177736,"z":107.23381805419922},"rotation":{"x":0.20164865255355836,"y":-0.08510735630989075,"z":0.01757444068789482,"w":0.9756593704223633},"size":253.9354248046875,"orthographic":false}