{"cameraMode":{"drawMode":0,"name":"Shaded","section":"Shading Mode"},"sceneLighting":false,"audioPlay":false,"sceneViewState":{"showFog":true,"showMaterialUpdate":false,"showSkybox":true,"showFlares":true,"showImageEffects":true,"showParticleSystems":true},"in2DMode":false,"pivot":{"x":-15.48095417022705,"y":-6.452096939086914,"z":-1.6324400901794434},"rotation":{"x":0.3544151186943054,"y":-0.3950996994972229,"z":0.1685871183872223,"w":0.8305937647819519},"size":41.945457458496097,"orthographic":false}