{"cameraMode":{"drawMode":0,"name":"Shaded","section":"Shading Mode"},"sceneLighting":false,"audioPlay":false,"sceneViewState":{"showFog":true,"showMaterialUpdate":false,"showSkybox":true,"showFlares":true,"showImageEffects":true,"showParticleSystems":true},"in2DMode":false,"pivot":{"x":-120.11125183105469,"y":-85.2221450805664,"z":140.53782653808595},"rotation":{"x":0.23092009127140046,"y":-0.6633583307266235,"z":0.2270759642124176,"w":0.6745889782905579},"size":177.71047973632813,"orthographic":false}