{"cameraMode":{"drawMode":0,"name":"Shaded","section":"Shading Mode"},"sceneLighting":false,"audioPlay":false,"sceneViewState":{"showFog":true,"showMaterialUpdate":false,"showSkybox":true,"showFlares":true,"showImageEffects":true,"showParticleSystems":true},"in2DMode":false,"pivot":{"x":19.01647186279297,"y":20.758159637451173,"z":0.31650543212890627},"rotation":{"x":0.07322955876588822,"y":-0.022448120638728143,"z":0.001625611213967204,"w":0.997123122215271},"size":74.8083724975586,"orthographic":false}