{"cameraMode":{"drawMode":0,"name":"Shaded","section":"Shading Mode"},"sceneLighting":false,"audioPlay":false,"sceneViewState":{"showFog":true,"showMaterialUpdate":false,"showSkybox":true,"showFlares":true,"showImageEffects":true,"showParticleSystems":true},"in2DMode":false,"pivot":{"x":63.41098403930664,"y":-85.20589447021485,"z":293.2105407714844},"rotation":{"x":0.1874569207429886,"y":0.05006658285856247,"z":-0.00957565102726221,"w":0.9810154438018799},"size":364.7434997558594,"orthographic":false}