{"cameraMode":{"drawMode":0,"name":"Shaded","section":"Shading Mode"},"sceneLighting":false,"audioPlay":false,"sceneViewState":{"showFog":true,"showMaterialUpdate":false,"showSkybox":true,"showFlares":true,"showImageEffects":true,"showParticleSystems":true},"in2DMode":false,"pivot":{"x":-46.53114318847656,"y":-14.830635070800782,"z":20.319156646728517},"rotation":{"x":0.11840470135211945,"y":-0.750485897064209,"z":0.13989762961864472,"w":0.6350635886192322},"size":74.8083724975586,"orthographic":false}