{"cameraMode":{"drawMode":0,"name":"Shaded","section":"Shading Mode"},"sceneLighting":false,"audioPlay":false,"sceneViewState":{"showFog":true,"showMaterialUpdate":false,"showSkybox":true,"showFlares":true,"showImageEffects":true,"showParticleSystems":true},"in2DMode":false,"pivot":{"x":-36.88250732421875,"y":-36.26059341430664,"z":-4.710838794708252},"rotation":{"x":0.24734853208065034,"y":-0.6946377158164978,"z":0.2793084681034088,"w":0.6151541471481323},"size":55.569252014160159,"orthographic":false}