{"cameraMode":{"drawMode":0,"name":"Shaded","section":"Shading Mode"},"sceneLighting":false,"audioPlay":false,"sceneViewState":{"showFog":true,"showMaterialUpdate":false,"showSkybox":true,"showFlares":true,"showImageEffects":true,"showParticleSystems":true},"in2DMode":false,"pivot":{"x":-609.1453247070313,"y":-499.85968017578127,"z":18.304792404174806},"rotation":{"x":0.24143415689468385,"y":-0.6562356948852539,"z":0.2345765382051468,"w":0.6753984689712524},"size":800.6853637695313,"orthographic":false}