{"cameraMode":{"drawMode":0,"name":"Shaded","section":"Shading Mode"},"sceneLighting":false,"audioPlay":false,"sceneViewState":{"showFog":true,"showMaterialUpdate":false,"showSkybox":true,"showFlares":true,"showImageEffects":true,"showParticleSystems":true},"in2DMode":false,"pivot":{"x":-137.74070739746095,"y":-205.83685302734376,"z":8.657018661499024},"rotation":{"x":0.3416636288166046,"y":-0.6057161688804627,"z":0.3221709132194519,"w":0.6424233317375183},"size":253.9354248046875,"orthographic":false}