{"cameraMode":{"drawMode":0,"name":"Shaded","section":"Shading Mode"},"sceneLighting":false,"audioPlay":false,"sceneViewState":{"showFog":true,"showMaterialUpdate":false,"showSkybox":true,"showFlares":true,"showImageEffects":true,"showParticleSystems":true},"in2DMode":false,"pivot":{"x":-30.309078216552736,"y":14.780267715454102,"z":40.68300247192383},"rotation":{"x":-0.014487105421721936,"y":-0.9826624989509583,"z":0.16292984783649445,"w":-0.08740106225013733},"size":177.71047973632813,"orthographic":false}