{"cameraMode":{"drawMode":0,"name":"Shaded","section":"Shading Mode"},"sceneLighting":false,"audioPlay":false,"sceneViewState":{"showFog":true,"showMaterialUpdate":false,"showSkybox":true,"showFlares":true,"showImageEffects":true,"showParticleSystems":true},"in2DMode":false,"pivot":{"x":-23.064857482910158,"y":-4.7326250076293949,"z":13.590938568115235},"rotation":{"x":0.1016363799571991,"y":-0.3613209128379822,"z":0.03964122384786606,"w":0.9260540008544922},"size":47.08833694458008,"orthographic":false}