{"cameraMode":{"drawMode":0,"name":"Shaded","section":"Shading Mode"},"sceneLighting":true,"audioPlay":false,"sceneViewState":{"showFog":true,"showMaterialUpdate":false,"showSkybox":true,"showFlares":true,"showImageEffects":true,"showParticleSystems":true},"in2DMode":false,"pivot":{"x":-4.933506488800049,"y":-10.272809982299805,"z":-26.367294311523439},"rotation":{"x":0.2927461862564087,"y":-0.03681845963001251,"z":0.01125042699277401,"w":0.9554652571678162},"size":56.37177658081055,"orthographic":false}