{"cameraMode":{"drawMode":0,"name":"Shaded","section":"Shading Mode"},"sceneLighting":false,"audioPlay":false,"sceneViewState":{"showFog":true,"showMaterialUpdate":false,"showSkybox":true,"showFlares":true,"showImageEffects":true,"showParticleSystems":true},"in2DMode":false,"pivot":{"x":-611.1445922851563,"y":-489.00189208984377,"z":-6.603294372558594},"rotation":{"x":0.2328326255083084,"y":-0.6707024574279785,"z":0.2352219521999359,"w":0.6638826727867127},"size":800.6853637695313,"orthographic":false}