{"cameraMode":{"drawMode":0,"name":"Shaded","section":"Shading Mode"},"sceneLighting":false,"audioPlay":false,"sceneViewState":{"showFog":true,"showMaterialUpdate":false,"showSkybox":true,"showFlares":true,"showImageEffects":true,"showParticleSystems":true},"in2DMode":false,"pivot":{"x":-623.4005737304688,"y":-481.3984375,"z":-0.5184049606323242},"rotation":{"x":0.22787894308567048,"y":-0.6697896122932434,"z":0.22815187275409699,"w":0.6689719557762146},"size":800.6853637695313,"orthographic":false}