{"cameraMode":{"drawMode":0,"name":"Shaded","section":"Shading Mode"},"sceneLighting":false,"audioPlay":false,"sceneViewState":{"showFog":true,"showMaterialUpdate":false,"showSkybox":true,"showFlares":true,"showImageEffects":true,"showParticleSystems":true},"in2DMode":false,"pivot":{"x":-27.4759464263916,"y":-83.5027084350586,"z":2.4087886810302736},"rotation":{"x":0.03300260007381439,"y":-0.9366450905799866,"z":0.33640363812446597,"w":0.09188924729824066},"size":275.97894287109377,"orthographic":false}