{"cameraMode":{"drawMode":0,"name":"Shaded","section":"Shading Mode"},"sceneLighting":false,"audioPlay":false,"sceneViewState":{"showFog":true,"showMaterialUpdate":false,"showSkybox":true,"showFlares":true,"showImageEffects":true,"showParticleSystems":true},"in2DMode":false,"pivot":{"x":-4.337629318237305,"y":-71.36689758300781,"z":-14.025344848632813},"rotation":{"x":0.020781174302101136,"y":-0.9495959877967835,"z":0.3060782253742218,"w":0.06447359919548035},"size":275.97894287109377,"orthographic":false}