{"cameraMode":{"drawMode":0,"name":"Shaded","section":"Shading Mode"},"sceneLighting":false,"audioPlay":false,"sceneViewState":{"showFog":true,"showMaterialUpdate":false,"showSkybox":true,"showFlares":true,"showImageEffects":true,"showParticleSystems":true},"in2DMode":false,"pivot":{"x":-22.378002166748048,"y":1.4818480014801026,"z":36.61100387573242},"rotation":{"x":-0.01627315953373909,"y":-0.9781625866889954,"z":0.18944886326789857,"w":-0.0840442106127739},"size":177.71047973632813,"orthographic":false}