{"cameraMode":{"drawMode":0,"name":"Shaded","section":"Shading Mode"},"sceneLighting":false,"audioPlay":false,"sceneViewState":{"showFog":true,"showMaterialUpdate":false,"showSkybox":true,"showFlares":true,"showImageEffects":true,"showParticleSystems":true},"in2DMode":false,"pivot":{"x":-55.83929443359375,"y":-19.882619857788087,"z":9.07610034942627},"rotation":{"x":0.13153037428855897,"y":-0.6789160966873169,"z":0.12550882995128632,"w":0.7114418148994446},"size":89.15111541748047,"orthographic":false}