{"cameraMode":{"drawMode":0,"name":"Shaded","section":"Shading Mode"},"sceneLighting":false,"audioPlay":false,"sceneViewState":{"showFog":true,"showMaterialUpdate":false,"showSkybox":true,"showFlares":true,"showImageEffects":true,"showParticleSystems":true},"in2DMode":false,"pivot":{"x":-37.05510330200195,"y":-0.8999077677726746,"z":133.43890380859376},"rotation":{"x":0.2908875644207001,"y":-0.21017087996006013,"z":0.0656576156616211,"w":0.9310856461524963},"size":85.06815338134766,"orthographic":false}