{"cameraMode":{"drawMode":0,"name":"Shaded","section":"Shading Mode"},"sceneLighting":false,"audioPlay":false,"sceneViewState":{"showFog":true,"showMaterialUpdate":false,"showSkybox":true,"showFlares":true,"showImageEffects":true,"showParticleSystems":true},"in2DMode":false,"pivot":{"x":0.029314041137695314,"y":6.463962554931641,"z":-1.9677619934082032},"rotation":{"x":0.23559404909610749,"y":-0.06118523329496384,"z":0.014859925024211407,"w":0.9698190093040466},"size":34.015621185302737,"orthographic":false}