{"cameraMode":{"drawMode":0,"name":"Shaded","section":"Shading Mode"},"sceneLighting":false,"audioPlay":false,"sceneViewState":{"showFog":true,"showMaterialUpdate":false,"showSkybox":true,"showFlares":true,"showImageEffects":true,"showParticleSystems":true},"in2DMode":false,"pivot":{"x":28.195327758789064,"y":-4.025430202484131,"z":48.41336441040039},"rotation":{"x":-0.004119649063795805,"y":-0.9776814579963684,"z":0.20921285450458527,"w":-0.019272493198513986},"size":177.71047973632813,"orthographic":false}