{"cameraMode":{"drawMode":0,"name":"Shaded","section":"Shading Mode"},"sceneLighting":false,"audioPlay":false,"sceneViewState":{"showFog":true,"showMaterialUpdate":false,"showSkybox":true,"showFlares":true,"showImageEffects":true,"showParticleSystems":true},"in2DMode":false,"pivot":{"x":37.27101516723633,"y":30.73043441772461,"z":115.84351348876953},"rotation":{"x":0.22552381455898286,"y":-0.19572371244430543,"z":0.046301137655973437,"w":0.9532615542411804},"size":85.06815338134766,"orthographic":false}