{"cameraMode":{"drawMode":0,"name":"Shaded","section":"Shading Mode"},"sceneLighting":false,"audioPlay":false,"sceneViewState":{"showFog":true,"showMaterialUpdate":false,"showSkybox":true,"showFlares":true,"showImageEffects":true,"showParticleSystems":true},"in2DMode":false,"pivot":{"x":-286.3235778808594,"y":-171.1769256591797,"z":104.95570373535156},"rotation":{"x":0.19801698625087739,"y":-0.6453022956848145,"z":0.17845475673675538,"w":0.7160025238990784},"size":364.7434997558594,"orthographic":false}