{"cameraMode":{"drawMode":0,"name":"Shaded","section":"Shading Mode"},"sceneLighting":false,"audioPlay":false,"sceneViewState":{"showFog":true,"showMaterialUpdate":false,"showSkybox":true,"showFlares":true,"showImageEffects":true,"showParticleSystems":true},"in2DMode":false,"pivot":{"x":-99.1844482421875,"y":-85.22219848632813,"z":64.39424896240235},"rotation":{"x":0.1577610820531845,"y":-0.8262655138969421,"z":0.2828410863876343,"w":0.46086904406547549},"size":177.71047973632813,"orthographic":false}