{"cameraMode":{"drawMode":0,"name":"Shaded","section":"Shading Mode"},"sceneLighting":true,"audioPlay":false,"sceneViewState":{"showFog":true,"showMaterialUpdate":false,"showSkybox":true,"showFlares":true,"showImageEffects":true,"showParticleSystems":true},"in2DMode":false,"pivot":{"x":82.7849349975586,"y":60.116390228271487,"z":-93.16993713378906},"rotation":{"x":0.10618722438812256,"y":-0.4948646128177643,"z":0.061081383377313617,"w":0.8602945804595947},"size":34.015621185302737,"orthographic":false}