{"cameraMode":{"drawMode":0,"name":"Shaded","section":"Shading Mode"},"sceneLighting":false,"audioPlay":false,"sceneViewState":{"showFog":true,"showMaterialUpdate":false,"showSkybox":true,"showFlares":true,"showImageEffects":true,"showParticleSystems":true},"in2DMode":false,"pivot":{"x":-69.900390625,"y":-76.10345458984375,"z":-228.75173950195313},"rotation":{"x":0.027004340663552285,"y":-0.9730650186538696,"z":0.166336789727211,"w":0.15781563520431519},"size":288.9722595214844,"orthographic":false}