{"cameraMode":{"drawMode":0,"name":"Shaded","section":"Shading Mode"},"sceneLighting":false,"audioPlay":false,"sceneViewState":{"showFog":true,"showMaterialUpdate":false,"showSkybox":true,"showFlares":true,"showImageEffects":true,"showParticleSystems":true},"in2DMode":false,"pivot":{"x":19.419662475585939,"y":1.4448058605194092,"z":-4.396385669708252},"rotation":{"x":0.19255049526691438,"y":-0.3020349144935608,"z":0.06241578981280327,"w":0.9316290020942688},"size":5.5265374183654789,"orthographic":false}