{"cameraMode":{"drawMode":0,"name":"Shaded","section":"Shading Mode"},"sceneLighting":false,"audioPlay":false,"sceneViewState":{"showFog":true,"showMaterialUpdate":false,"showSkybox":true,"showFlares":true,"showImageEffects":true,"showParticleSystems":true},"in2DMode":false,"pivot":{"x":0.0,"y":29.500001907348634,"z":20.200000762939454},"rotation":{"x":0.027004340663552285,"y":-0.9730650186538696,"z":0.166336789727211,"w":0.15781563520431519},"size":349.5607604980469,"orthographic":false}