{"cameraMode":{"drawMode":0,"name":"Shaded","section":"Shading Mode"},"sceneLighting":true,"audioPlay":false,"sceneViewState":{"showFog":true,"showMaterialUpdate":false,"showSkybox":true,"showFlares":true,"showImageEffects":true,"showParticleSystems":true},"in2DMode":false,"pivot":{"x":-130.94171142578126,"y":-66.65768432617188,"z":118.76854705810547},"rotation":{"x":0.20959687232971192,"y":-0.675097644329071,"z":0.2094292789697647,"w":0.6756273508071899},"size":203.1581268310547,"orthographic":false}