{"cameraMode":{"drawMode":0,"name":"Shaded","section":"Shading Mode"},"sceneLighting":false,"audioPlay":false,"sceneViewState":{"showFog":true,"showMaterialUpdate":false,"showSkybox":true,"showFlares":true,"showImageEffects":true,"showParticleSystems":true},"in2DMode":false,"pivot":{"x":-567.34130859375,"y":-548.7117919921875,"z":-34.85365295410156},"rotation":{"x":0.2575201094150543,"y":-0.6750521063804627,"z":0.27378886938095095,"w":0.6349419355392456},"size":800.6853637695313,"orthographic":false}