{"cameraMode":{"drawMode":0,"name":"Shaded","section":"Shading Mode"},"sceneLighting":false,"audioPlay":false,"sceneViewState":{"showFog":true,"showMaterialUpdate":false,"showSkybox":true,"showFlares":true,"showImageEffects":true,"showParticleSystems":true},"in2DMode":false,"pivot":{"x":-31.307220458984376,"y":1.3751680850982667,"z":26.257457733154298},"rotation":{"x":0.03695978224277496,"y":-0.6017659902572632,"z":0.027876144275069238,"w":0.7973536252975464},"size":63.30607223510742,"orthographic":false}