{"cameraMode":{"drawMode":0,"name":"Shaded","section":"Shading Mode"},"sceneLighting":false,"audioPlay":false,"sceneViewState":{"showFog":true,"showMaterialUpdate":false,"showSkybox":true,"showFlares":true,"showImageEffects":true,"showParticleSystems":true},"in2DMode":false,"pivot":{"x":17.039234161376954,"y":-0.9045603275299072,"z":40.11781692504883},"rotation":{"x":-0.010910858400166035,"y":-0.9790872931480408,"z":0.19572976231575013,"w":-0.05460137501358986},"size":177.71047973632813,"orthographic":false}