{"cameraMode":{"drawMode":0,"name":"Shaded","section":"Shading Mode"},"sceneLighting":false,"audioPlay":false,"sceneViewState":{"showFog":true,"showMaterialUpdate":false,"showSkybox":true,"showFlares":true,"showImageEffects":true,"showParticleSystems":true},"in2DMode":false,"pivot":{"x":-299.9441833496094,"y":-321.9691467285156,"z":13.845462799072266},"rotation":{"x":-0.2594808340072632,"y":0.6592732071876526,"z":-0.2608877122402191,"w":-0.6557238698005676},"size":578.9022827148438,"orthographic":false}