{"cameraMode":{"drawMode":0,"name":"Shaded","section":"Shading Mode"},"sceneLighting":false,"audioPlay":false,"sceneViewState":{"showFog":true,"showMaterialUpdate":false,"showSkybox":true,"showFlares":true,"showImageEffects":true,"showParticleSystems":true},"in2DMode":false,"pivot":{"x":-112.1830062866211,"y":-93.3901138305664,"z":88.0574951171875},"rotation":{"x":-0.30825868248939516,"y":0.33704397082328799,"z":-0.11782850325107575,"w":-0.8817731738090515},"size":217.90858459472657,"orthographic":false}