{"cameraMode":{"drawMode":0,"name":"Shaded","section":"Shading Mode"},"sceneLighting":false,"audioPlay":false,"sceneViewState":{"showFog":true,"showMaterialUpdate":false,"showSkybox":true,"showFlares":true,"showImageEffects":true,"showParticleSystems":true},"in2DMode":false,"pivot":{"x":-305.3685607910156,"y":-288.53424072265627,"z":-18.576610565185548},"rotation":{"x":-0.24176327884197236,"y":0.6769905090332031,"z":-0.2527448534965515,"w":-0.6475811004638672},"size":555.4768676757813,"orthographic":false}