{"cameraMode":{"drawMode":0,"name":"Shaded","section":"Shading Mode"},"sceneLighting":false,"audioPlay":false,"sceneViewState":{"showFog":true,"showMaterialUpdate":false,"showSkybox":true,"showFlares":true,"showImageEffects":true,"showParticleSystems":true},"in2DMode":false,"pivot":{"x":-321.19171142578127,"y":-267.6979064941406,"z":46.69780731201172},"rotation":{"x":-0.2546130418777466,"y":0.6169652342796326,"z":-0.22089232504367829,"w":-0.7111538052558899},"size":595.6284790039063,"orthographic":false}