{"cameraMode":{"drawMode":0,"name":"Shaded","section":"Shading Mode"},"sceneLighting":false,"audioPlay":false,"sceneViewState":{"showFog":true,"showMaterialUpdate":false,"showSkybox":true,"showFlares":true,"showImageEffects":true,"showParticleSystems":true},"in2DMode":false,"pivot":{"x":-199.0991973876953,"y":-236.96383666992188,"z":26.16604232788086},"rotation":{"x":-0.28251394629478457,"y":0.6068313121795654,"z":-0.24435646831989289,"w":-0.7015976905822754},"size":460.7893371582031,"orthographic":false}