{"cameraMode":{"drawMode":0,"name":"Shaded","section":"Shading Mode"},"sceneLighting":true,"audioPlay":false,"sceneViewState":{"showFog":true,"showMaterialUpdate":false,"showSkybox":true,"showFlares":true,"showImageEffects":true,"showParticleSystems":true},"in2DMode":false,"pivot":{"x":19.274362564086915,"y":16.473487854003908,"z":-61.167598724365237},"rotation":{"x":-0.01670978032052517,"y":0.10836914926767349,"z":-0.0018213686998933554,"w":-0.9939711689949036},"size":37.45317840576172,"orthographic":false}