{"cameraMode":{"drawMode":0,"name":"Shaded","section":"Shading Mode"},"sceneLighting":false,"audioPlay":false,"sceneViewState":{"showFog":true,"showMaterialUpdate":false,"showSkybox":true,"showFlares":true,"showImageEffects":true,"showParticleSystems":true},"in2DMode":false,"pivot":{"x":-275.0562744140625,"y":-276.9635925292969,"z":-38.555477142333987},"rotation":{"x":-0.23850655555725099,"y":0.6965488195419312,"z":-0.26721346378326418,"w":-0.6217232346534729},"size":636.03173828125,"orthographic":false}