{"cameraMode":{"drawMode":0,"name":"Shaded","section":"Shading Mode"},"sceneLighting":false,"audioPlay":false,"sceneViewState":{"showFog":true,"showMaterialUpdate":false,"showSkybox":true,"showFlares":true,"showImageEffects":true,"showParticleSystems":true},"in2DMode":false,"pivot":{"x":-4.159487724304199,"y":14.147624015808106,"z":-0.43068599700927737},"rotation":{"x":-0.01670978032052517,"y":0.10836914926767349,"z":-0.0018213686998933554,"w":-0.9939711689949036},"size":57.15769958496094,"orthographic":false}