{"cameraMode":{"drawMode":0,"name":"Shaded","section":"Shading Mode"},"sceneLighting":false,"audioPlay":false,"sceneViewState":{"showFog":true,"showMaterialUpdate":false,"showSkybox":true,"showFlares":true,"showImageEffects":true,"showParticleSystems":true},"in2DMode":false,"pivot":{"x":10.316852569580079,"y":23.19790267944336,"z":10.720954895019532},"rotation":{"x":-0.23654761910438538,"y":0.5736060738563538,"z":-0.17763249576091767,"w":-0.7638588547706604},"size":40.25855255126953,"orthographic":false}