{"cameraMode":{"drawMode":0,"name":"Shaded","section":"Shading Mode"},"sceneLighting":false,"audioPlay":false,"sceneViewState":{"showFog":true,"showMaterialUpdate":false,"showSkybox":true,"showFlares":true,"showImageEffects":true,"showParticleSystems":true},"in2DMode":false,"pivot":{"x":-263.00897216796877,"y":-287.2166442871094,"z":-36.390960693359378},"rotation":{"x":-0.2503272593021393,"y":0.6814984083175659,"z":-0.26968222856521609,"w":-0.6325924396514893},"size":580.076904296875,"orthographic":false}