{"cameraMode":{"drawMode":0,"name":"Shaded","section":"Shading Mode"},"sceneLighting":false,"audioPlay":false,"sceneViewState":{"showFog":true,"showMaterialUpdate":false,"showSkybox":true,"showFlares":true,"showImageEffects":true,"showParticleSystems":true},"in2DMode":false,"pivot":{"x":0.47649699449539187,"y":-2.606428623199463,"z":41.28562927246094},"rotation":{"x":-0.03779799863696098,"y":-0.011394164524972439,"z":0.00043124723015353084,"w":-0.9992231130599976},"size":99.74842071533203,"orthographic":false}