{"cameraMode":{"drawMode":0,"name":"Shaded","section":"Shading Mode"},"sceneLighting":false,"audioPlay":false,"sceneViewState":{"showFog":true,"showMaterialUpdate":false,"showSkybox":true,"showFlares":true,"showImageEffects":true,"showParticleSystems":true},"in2DMode":false,"pivot":{"x":-2.140439510345459,"y":6.4422712326049809,"z":5.275330066680908},"rotation":{"x":-0.11245369166135788,"y":0.045292146503925326,"z":-0.005130905658006668,"w":-0.9926132559776306},"size":39.949378967285159,"orthographic":false}