{"cameraMode":{"drawMode":0,"name":"Shaded","section":"Shading Mode"},"sceneLighting":false,"audioPlay":false,"sceneViewState":{"showFog":true,"showMaterialUpdate":false,"showSkybox":true,"showFlares":true,"showImageEffects":true,"showParticleSystems":true},"in2DMode":false,"pivot":{"x":-278.8100891113281,"y":-363.12841796875,"z":805.6213989257813},"rotation":{"x":-0.20296138525009156,"y":0.16276121139526368,"z":-0.03423403576016426,"w":-0.9649628400802612},"size":987.7534790039063,"orthographic":false}