{"cameraMode":{"drawMode":0,"name":"Shaded","section":"Shading Mode"},"sceneLighting":false,"audioPlay":false,"sceneViewState":{"showFog":true,"showMaterialUpdate":false,"showSkybox":true,"showFlares":true,"showImageEffects":true,"showParticleSystems":true},"in2DMode":false,"pivot":{"x":82.22920227050781,"y":-50.02228546142578,"z":115.98609924316406},"rotation":{"x":-0.19554315507411958,"y":-0.3247738778591156,"z":0.06881820410490036,"w":-0.922812819480896},"size":165.0,"orthographic":false}