{"cameraMode":{"drawMode":0,"name":"Shaded","section":"Shading Mode"},"sceneLighting":false,"audioPlay":false,"sceneViewState":{"showFog":true,"showMaterialUpdate":false,"showSkybox":true,"showFlares":true,"showImageEffects":true,"showParticleSystems":true},"in2DMode":false,"pivot":{"x":-39.35410690307617,"y":21.916696548461915,"z":99.65864562988281},"rotation":{"x":-0.13842880725860597,"y":0.483222097158432,"z":-0.0776691809296608,"w":-0.8610297441482544},"size":77.58428192138672,"orthographic":false}