{"cameraMode":{"drawMode":0,"name":"Shaded","section":"Shading Mode"},"sceneLighting":false,"audioPlay":false,"sceneViewState":{"showFog":true,"showMaterialUpdate":false,"showSkybox":true,"showFlares":true,"showImageEffects":true,"showParticleSystems":true},"in2DMode":false,"pivot":{"x":-65.34764862060547,"y":-49.41433334350586,"z":150.8175506591797},"rotation":{"x":-0.18862909078598023,"y":0.49586695432662966,"z":-0.11130711436271668,"w":-0.8403326869010925},"size":796.6766357421875,"orthographic":false}