{"cameraMode":{"drawMode":0,"name":"Shaded","section":"Shading Mode"},"sceneLighting":true,"audioPlay":false,"sceneViewState":{"showFog":true,"showMaterialUpdate":false,"showSkybox":true,"showFlares":true,"showImageEffects":true,"showParticleSystems":true},"in2DMode":false,"pivot":{"x":51.36355209350586,"y":8.522443771362305,"z":-35.4410285949707},"rotation":{"x":-0.06195433437824249,"y":0.7010237574577332,"z":-0.06136221066117287,"w":-0.7077884078025818},"size":86.43669128417969,"orthographic":false}