{"cameraMode":{"drawMode":0,"name":"Shaded","section":"Shading Mode"},"sceneLighting":false,"audioPlay":false,"sceneViewState":{"showFog":true,"showMaterialUpdate":false,"showSkybox":true,"showFlares":true,"showImageEffects":true,"showParticleSystems":true},"in2DMode":false,"pivot":{"x":-17.625648498535158,"y":11.593757629394532,"z":-107.6845703125},"rotation":{"x":-0.16052953898906709,"y":0.625224769115448,"z":-0.13346421718597413,"w":-0.75201416015625},"size":364.19952392578127,"orthographic":false}