{"cameraMode":{"drawMode":0,"name":"Shaded","section":"Shading Mode"},"sceneLighting":true,"audioPlay":false,"sceneViewState":{"showFog":true,"showMaterialUpdate":false,"showSkybox":true,"showFlares":true,"showImageEffects":true,"showParticleSystems":true},"in2DMode":false,"pivot":{"x":-0.6004689335823059,"y":12.463577270507813,"z":-20.561155319213868},"rotation":{"x":-0.167129248380661,"y":0.35676202178001406,"z":-0.0650317445397377,"w":-0.9168309569358826},"size":12.660858154296875,"orthographic":false}