{"cameraMode":{"drawMode":0,"name":"Shaded","section":"Shading Mode"},"sceneLighting":false,"audioPlay":false,"sceneViewState":{"showFog":true,"showMaterialUpdate":false,"showSkybox":true,"showFlares":true,"showImageEffects":true,"showParticleSystems":true},"in2DMode":false,"pivot":{"x":0.0,"y":127.48246765136719,"z":-0.000014781951904296875},"rotation":{"x":-0.43388816714286806,"y":0.005943635478615761,"z":-0.0028606662526726724,"w":-0.9009538888931274},"size":448.2495422363281,"orthographic":false}