{"cameraMode":{"drawMode":0,"name":"Shaded","section":"Shading Mode"},"sceneLighting":false,"audioPlay":false,"sceneViewState":{"showFog":true,"showMaterialUpdate":false,"showSkybox":true,"showFlares":true,"showImageEffects":true,"showParticleSystems":true},"in2DMode":false,"pivot":{"x":-34.02861785888672,"y":-295.4120178222656,"z":550.27587890625},"rotation":{"x":-0.2510280907154083,"y":0.022354543209075929,"z":-0.005799052305519581,"w":-0.9677112102508545},"size":796.6766357421875,"orthographic":false}