{"cameraMode":{"drawMode":0,"name":"Shaded","section":"Shading Mode"},"sceneLighting":false,"audioPlay":false,"sceneViewState":{"showFog":true,"showMaterialUpdate":false,"showSkybox":true,"showFlares":true,"showImageEffects":true,"showParticleSystems":true},"in2DMode":false,"pivot":{"x":-41.477516174316409,"y":-121.04173278808594,"z":253.32240295410157},"rotation":{"x":-0.23412607610225678,"y":0.08793764561414719,"z":-0.021269293501973153,"w":-0.9679948091506958},"size":437.85052490234377,"orthographic":false}