{"cameraMode":{"drawMode":0,"name":"Shaded","section":"Shading Mode"},"sceneLighting":false,"audioPlay":false,"sceneViewState":{"showFog":true,"showMaterialUpdate":false,"showSkybox":true,"showFlares":true,"showImageEffects":true,"showParticleSystems":true},"in2DMode":false,"pivot":{"x":-7.010194778442383,"y":-4.047004699707031,"z":-1.7106094360351563},"rotation":{"x":-0.1727849543094635,"y":0.2898036241531372,"z":-0.053274888545274737,"w":-0.9398627877235413},"size":51.846466064453128,"orthographic":false}