{"cameraMode":{"drawMode":0,"name":"Shaded","section":"Shading Mode"},"sceneLighting":false,"audioPlay":false,"sceneViewState":{"showFog":true,"showMaterialUpdate":false,"showSkybox":true,"showFlares":true,"showImageEffects":true,"showParticleSystems":true},"in2DMode":false,"pivot":{"x":9.5367431640625e-7,"y":0.0,"z":-0.0000019073486328125},"rotation":{"x":-0.12419857084751129,"y":0.06751514226198197,"z":-0.0084684481844306,"w":-0.9899303317070007},"size":57.15769958496094,"orthographic":false}