{"cameraMode":{"drawMode":0,"name":"Shaded","section":"Shading Mode"},"sceneLighting":false,"audioPlay":false,"sceneViewState":{"showFog":true,"showMaterialUpdate":false,"showSkybox":true,"showFlares":true,"showImageEffects":true,"showParticleSystems":true},"in2DMode":false,"pivot":{"x":-98.24441528320313,"y":-421.720458984375,"z":585.370361328125},"rotation":{"x":-0.3121390640735626,"y":0.0688888430595398,"z":-0.022701352834701539,"w":-0.9472705125808716},"size":831.6212158203125,"orthographic":false}