{"cameraMode":{"drawMode":0,"name":"Shaded","section":"Shading Mode"},"sceneLighting":true,"audioPlay":false,"sceneViewState":{"showFog":true,"showMaterialUpdate":false,"showSkybox":true,"showFlares":true,"showImageEffects":true,"showParticleSystems":true},"in2DMode":false,"pivot":{"x":2.8126487731933595,"y":14.748907089233399,"z":102.26753234863281},"rotation":{"x":-0.12074723094701767,"y":0.39930054545402529,"z":-0.053141769021749499,"w":-0.9072794914245606},"size":86.43669128417969,"orthographic":false}