{"cameraMode":{"drawMode":0,"name":"Shaded","section":"Shading Mode"},"sceneLighting":false,"audioPlay":false,"sceneViewState":{"showFog":true,"showMaterialUpdate":false,"showSkybox":true,"showFlares":true,"showImageEffects":true,"showParticleSystems":true},"in2DMode":false,"pivot":{"x":-257.2772216796875,"y":-81.2157211303711,"z":605.5234985351563},"rotation":{"x":-0.0721595510840416,"y":0.20555049180984498,"z":-0.01520026009529829,"w":-0.9758718609809876},"size":723.6492309570313,"orthographic":false}