{"cameraMode":{"drawMode":0,"name":"Shaded","section":"Shading Mode"},"sceneLighting":false,"audioPlay":false,"sceneViewState":{"showFog":true,"showMaterialUpdate":false,"showSkybox":true,"showFlares":true,"showImageEffects":true,"showParticleSystems":true},"in2DMode":false,"pivot":{"x":-29.509214401245118,"y":-29.927162170410158,"z":50.041954040527347},"rotation":{"x":-0.22389914095401765,"y":0.20918656885623933,"z":-0.049264974892139438,"w":-0.9506361484527588},"size":85.43604278564453,"orthographic":false}