{"cameraMode":{"drawMode":0,"name":"Shaded","section":"Shading Mode"},"sceneLighting":false,"audioPlay":false,"sceneViewState":{"showFog":true,"showMaterialUpdate":false,"showSkybox":true,"showFlares":true,"showImageEffects":true,"showParticleSystems":true},"in2DMode":false,"pivot":{"x":-238.85235595703126,"y":-101.42045593261719,"z":460.5727844238281},"rotation":{"x":-0.18558326363563538,"y":0.20236912369728089,"z":-0.03908929228782654,"w":-0.9607762694358826},"size":832.527099609375,"orthographic":false}