{"cameraMode":{"drawMode":0,"name":"Shaded","section":"Shading Mode"},"sceneLighting":false,"audioPlay":false,"sceneViewState":{"m_AlwaysRefresh":false,"showFog":true,"showSkybox":false,"showFlares":true,"showImageEffects":true,"showParticleSystems":true,"showVisualEffectGraphs":true,"m_FxEnabled":true},"in2DMode":false,"pivot":{"x":52.22512435913086,"y":-10.384008407592774,"z":11.666338920593262},"rotation":{"x":0.07791676372289658,"y":0.5526759028434753,"z":-0.051996707916259769,"w":0.8281307816505432},"size":31.87574577331543,"orthographic":false}